user,rock,paper,scissors
Dawson,0.07647746659780387,0.22261705544880034,0.15922040198654194
